Modele,Accuracy,Precision,Recall,F1,AUC-ROC
Random Forest,0.68,0.575,0.6052631578947368,0.5897435897435898,0.7508488964346349
Gradient Boosting,0.69,0.6,0.5526315789473685,0.5753424657534246,0.75
Logistic Regression (L2),0.63,0.5111111111111111,0.6052631578947368,0.5542168674698795,0.6786926994906621
